"","time_start","sum_start"
"1","16:24","131"
"2","07:59","57"
"3","15:25","117"
"4","13:49","103"
"5","18:57","94"
"6","10:13","52"
"7","15:05","80"
"8","18:20","140"
"9","09:50","64"
"10","15:00","101"
"11","16:16","141"
"12","17:31","168"
"13","12:41","105"
"14","15:22","123"
"15","11:20","91"
"16","18:53","104"
"17","14:50","91"
"18","09:18","57"
"19","16:00","100"
"20","14:00","92"
"21","16:45","121"
"22","11:32","89"
"23","14:48","110"
"24","15:33","112"
"25","15:41","130"
"26","18:32","113"
"27","16:21","118"
"28","17:51","148"
"29","21:04","37"
"30","07:39","75"
"31","18:25","134"
"32","16:47","123"
"33","09:59","55"
"34","14:55","93"
"35","12:15","90"
"36","11:56","85"
"37","17:18","163"
"38","17:19","135"
"39","19:26","93"
"40","20:06","73"
"41","16:01","115"
"42","21:56","31"
"43","14:30","75"
"44","10:09","65"
"45","14:47","98"
"46","15:18","112"
"47","13:34","113"
"48","18:56","101"
"49","06:16","24"
"50","15:06","110"
"51","18:44","109"
"52","19:04","106"
"53","15:37","109"
"54","19:58","56"
"55","07:34","63"
"56","07:43","70"
"57","14:40","115"
"58","15:31","124"
"59","15:07","111"
"60","19:23","80"
"61","12:59","92"
"62","11:03","75"
"63","05:23","8"
"64","09:45","69"
"65","13:50","83"
"66","16:22","134"
"67","16:10","111"
"68","13:14","100"
"69","13:54","92"
"70","16:25","119"
"71","12:33","98"
"72","15:36","125"
"73","10:51","70"
"74","16:53","129"
"75","18:12","159"
"76","17:13","153"
"77","14:59","88"
"78","17:02","135"
"79","13:21","79"
"80","10:20","45"
"81","13:46","111"
"82","12:46","99"
"83","17:17","139"
"84","11:43","94"
"85","09:14","55"
"86","15:46","106"
"87","11:48","97"
"88","12:55","95"
"89","11:49","104"
"90","07:40","76"
"91","17:06","149"
"92","05:17","4"
"93","14:54","115"
"94","15:30","132"
"95","15:43","117"
"96","08:12","83"
"97","15:16","97"
"98","11:13","68"
"99","18:46","124"
"100","08:25","68"
"101","10:01","62"
"102","19:06","85"
"103","08:44","60"
"104","15:04","113"
"105","20:11","72"
"106","10:02","55"
"107","17:54","139"
"108","13:41","87"
"109","17:35","143"
"110","16:48","132"
"111","15:49","125"
"112","14:02","74"
"113","19:39","78"
"114","14:42","84"
"115","11:42","115"
"116","16:14","122"
"117","15:44","117"
"118","10:59","85"
"119","14:20","106"
"120","14:52","106"
"121","20:25","51"
"122","16:37","125"
"123","09:44","60"
"124","13:23","100"
"125","17:27","150"
"126","12:13","104"
"127","20:18","47"
"128","18:43","111"
"129","09:53","54"
"130","08:58","72"
"131","17:38","147"
"132","17:28","123"
"133","14:27","105"
"134","12:05","91"
"135","19:07","107"
"136","10:18","67"
"137","14:03","99"
"138","12:20","88"
"139","10:05","68"
"140","13:57","100"
"141","17:09","159"
"142","16:57","131"
"143","14:11","97"
"144","15:38","112"
"145","06:12","41"
"146","11:33","73"
"147","13:22","110"
"148","14:23","90"
"149","18:34","106"
"150","06:18","39"
"151","07:10","48"
"152","10:28","67"
"153","17:48","147"
"154","19:53","69"
"155","12:53","81"
"156","10:24","68"
"157","09:47","63"
"158","11:07","59"
"159","11:34","88"
"160","17:23","160"
"161","10:36","62"
"162","17:20","137"
"163","10:50","58"
"164","23:27","19"
"165","12:49","96"
"166","14:29","98"
"167","14:43","117"
"168","16:36","129"
"169","19:36","70"
"170","09:19","64"
"171","14:39","99"
"172","07:35","72"
"173","19:40","81"
"174","17:15","154"
"175","14:10","116"
"176","19:11","115"
"177","17:29","129"
"178","17:00","140"
"179","23:57","14"
"180","12:18","114"
"181","16:51","126"
"182","12:37","98"
"183","15:23","118"
"184","14:16","102"
"185","06:30","42"
"186","11:51","106"
"187","16:07","102"
"188","08:20","76"
"189","12:45","108"
"190","14:09","109"
"191","19:51","81"
"192","15:02","104"
"193","18:08","122"
"194","06:40","51"
"195","11:23","63"
"196","00:14","11"
"197","17:12","158"
"198","12:02","105"
"199","15:53","116"
"200","16:39","134"
"201","12:39","109"
"202","07:12","63"
"203","01:58","3"
"204","16:15","104"
"205","17:45","168"
"206","18:24","114"
"207","20:55","41"
"208","13:56","92"
"209","09:46","51"
"210","13:37","107"
"211","09:05","52"
"212","16:17","112"
"213","16:50","115"
"214","15:19","124"
"215","13:11","101"
"216","11:10","56"
"217","12:24","108"
"218","05:13","6"
"219","14:35","98"
"220","18:45","91"
"221","12:43","100"
"222","18:07","151"
"223","16:33","113"
"224","03:56","3"
"225","19:18","92"
"226","15:20","100"
"227","20:58","41"
"228","10:52","77"
"229","17:36","152"
"230","15:35","128"
"231","08:03","60"
"232","13:48","110"
"233","05:44","27"
"234","07:41","74"
"235","18:29","122"
"236","16:03","104"
"237","08:21","78"
"238","17:03","140"
"239","11:55","95"
"240","13:18","92"
"241","20:32","48"
"242","13:05","93"
"243","09:03","53"
"244","14:51","100"
"245","18:54","93"
"246","16:11","133"
"247","07:37","77"
"248","08:06","67"
"249","06:55","49"
"250","14:24","89"
"251","17:58","151"
"252","19:47","77"
"253","21:19","36"
"254","18:42","113"
"255","20:09","53"
"256","19:10","75"
"257","15:52","103"
"258","21:54","25"
"259","16:40","153"
"260","21:11","33"
"261","10:54","70"
"262","17:08","154"
"263","16:58","140"
"264","11:00","70"
"265","17:10","150"
"266","15:32","102"
"267","13:51","101"
"268","13:58","85"
"269","12:27","113"
"270","16:41","116"
"271","12:38","100"
"272","19:34","97"
"273","07:32","64"
"274","14:05","101"
"275","19:44","79"
"276","15:40","123"
"277","18:09","128"
"278","10:47","73"
"279","13:10","101"
"280","07:09","65"
"281","11:57","88"
"282","12:10","110"
"283","14:34","108"
"284","09:23","49"
"285","09:49","59"
"286","16:28","131"
"287","09:00","55"
"288","08:35","54"
"289","14:28","97"
"290","13:55","80"
"291","14:41","114"
"292","17:11","166"
"293","15:01","95"
"294","07:27","51"
"295","20:30","29"
"296","15:51","112"
"297","18:05","142"
"298","14:21","82"
"299","10:07","60"
"300","10:35","49"
"301","07:29","45"
"302","22:10","25"
"303","06:10","35"
"304","10:21","63"
"305","18:01","121"
"306","16:46","132"
"307","06:45","54"
"308","13:02","93"
"309","16:23","138"
"310","07:50","87"
"311","10:34","73"
"312","17:43","165"
"313","18:38","126"
"314","08:54","77"
"315","03:35","3"
"316","14:44","101"
"317","08:32","83"
"318","15:15","105"
"319","16:35","135"
"320","16:06","115"
"321","13:44","112"
"322","15:48","119"
"323","17:59","134"
"324","17:37","144"
"325","13:12","115"
"326","08:56","68"
"327","17:01","138"
"328","08:16","85"
"329","11:21","77"
"330","11:50","95"
"331","15:27","124"
"332","19:49","73"
"333","13:27","102"
"334","06:07","20"
"335","12:03","75"
"336","20:13","60"
"337","12:22","99"
"338","17:53","154"
"339","11:18","80"
"340","20:37","44"
"341","19:17","90"
"342","09:15","50"
"343","16:44","112"
"344","13:59","95"
"345","14:31","93"
"346","19:03","100"
"347","21:18","37"
"348","12:47","112"
"349","13:42","117"
"350","14:46","100"
"351","17:16","143"
"352","12:07","92"
"353","11:14","73"
"354","16:04","128"
"355","09:48","68"
"356","10:23","57"
"357","12:58","96"
"358","11:54","93"
"359","12:34","91"
"360","17:47","149"
"361","20:01","75"
"362","10:10","55"
"363","15:29","71"
"364","09:31","55"
"365","18:18","121"
"366","22:13","34"
"367","20:00","64"
"368","20:07","66"
"369","12:51","93"
"370","17:04","126"
"371","11:59","85"
"372","17:21","131"
"373","12:19","86"
"374","10:25","51"
"375","13:20","96"
"376","18:31","109"
"377","16:42","128"
"378","14:37","91"
"379","19:42","69"
"380","19:45","71"
"381","15:28","112"
"382","07:11","65"
"383","10:57","58"
"384","10:32","71"
"385","22:42","16"
"386","07:04","49"
"387","22:31","26"
"388","08:23","62"
"389","12:14","109"
"390","20:17","54"
"391","06:51","47"
"392","09:02","60"
"393","08:37","80"
"394","12:48","105"
"395","15:17","92"
"396","13:07","111"
"397","20:46","38"
"398","20:43","51"
"399","08:57","63"
"400","08:18","79"
"401","11:05","75"
"402","10:16","63"
"403","10:46","60"
"404","14:45","109"
"405","17:57","132"
"406","16:09","120"
"407","18:16","130"
"408","20:41","48"
"409","05:34","13"
"410","18:48","123"
"411","08:33","60"
"412","07:15","66"
"413","17:14","173"
"414","21:02","32"
"415","08:31","48"
"416","14:56","97"
"417","12:04","97"
"418","13:03","72"
"419","21:00","24"
"420","15:12","87"
"421","16:18","122"
"422","17:07","160"
"423","14:12","89"
"424","09:01","48"
"425","06:11","36"
"426","18:02","153"
"427","15:21","124"
"428","12:31","98"
"429","18:00","140"
"430","12:56","78"
"431","16:29","108"
"432","06:58","49"
"433","08:27","64"
"434","07:54","86"
"435","00:38","11"
"436","20:33","47"
"437","09:17","55"
"438","13:09","80"
"439","18:55","109"
"440","11:27","67"
"441","13:31","90"
"442","07:17","66"
"443","10:17","63"
"444","18:47","104"
"445","19:59","65"
"446","09:57","57"
"447","17:24","151"
"448","06:41","52"
"449","19:09","102"
"450","06:46","50"
"451","11:22","83"
"452","11:53","81"
"453","18:03","138"
"454","17:40","138"
"455","13:13","94"
"456","15:45","112"
"457","19:54","72"
"458","06:04","17"
"459","17:39","138"
"460","16:56","137"
"461","11:28","80"
"462","10:44","74"
"463","16:12","101"
"464","10:19","82"
"465","18:36","104"
"466","22:40","22"
"467","17:49","146"
"468","17:55","143"
"469","07:38","84"
"470","12:32","90"
"471","19:21","89"
"472","13:06","103"
"473","05:57","24"
"474","18:19","108"
"475","07:48","83"
"476","19:20","72"
"477","19:05","116"
"478","12:35","98"
"479","07:53","78"
"480","10:49","75"
"481","16:08","123"
"482","17:46","144"
"483","14:13","95"
"484","09:39","69"
"485","06:59","52"
"486","22:26","25"
"487","20:19","56"
"488","18:40","136"
"489","09:30","58"
"490","18:58","90"
"491","11:38","80"
"492","12:06","94"
"493","17:26","154"
"494","21:15","38"
"495","18:50","125"
"496","19:41","68"
"497","07:57","70"
"498","11:47","90"
"499","13:32","104"
"500","18:21","128"
"501","18:11","147"
"502","14:01","87"
"503","18:35","112"
"504","18:33","111"
"505","17:52","152"
"506","11:37","92"
"507","16:52","135"
"508","22:51","20"
"509","14:22","85"
"510","20:52","38"
"511","07:25","58"
"512","14:58","104"
"513","21:24","36"
"514","12:11","98"
"515","19:00","96"
"516","10:37","70"
"517","10:15","61"
"518","11:24","99"
"519","18:14","143"
"520","07:20","63"
"521","10:14","62"
"522","13:38","90"
"523","06:54","56"
"524","09:13","64"
"525","17:34","137"
"526","12:28","80"
"527","21:12","23"
"528","11:06","69"
"529","06:34","45"
"530","18:49","107"
"531","08:51","59"
"532","08:46","73"
"533","12:40","92"
"534","19:43","81"
"535","08:07","71"
"536","15:59","107"
"537","00:10","11"
"538","20:56","27"
"539","11:08","79"
"540","22:32","13"
"541","14:25","89"
"542","18:17","134"
"543","16:27","129"
"544","09:08","50"
"545","15:58","118"
"546","07:51","77"
"547","16:55","150"
"548","06:20","35"
"549","09:21","62"
"550","05:29","14"
"551","08:29","67"
"552","09:32","54"
"553","16:02","117"
"554","11:17","65"
"555","18:26","123"
"556","11:15","64"
"557","11:39","85"
"558","16:43","96"
"559","07:19","61"
"560","19:31","93"
"561","13:36","93"
"562","11:02","60"
"563","19:28","97"
"564","06:24","30"
"565","12:29","91"
"566","05:38","12"
"567","08:39","67"
"568","06:39","34"
"569","21:43","20"
"570","14:53","117"
"571","08:30","66"
"572","20:05","53"
"573","07:46","73"
"574","10:53","66"
"575","13:53","107"
"576","19:24","83"
"577","23:18","15"
"578","17:22","180"
"579","12:44","103"
"580","09:24","65"
"581","15:09","122"
"582","13:17","100"
"583","13:28","95"
"584","20:23","55"
"585","04:05","2"
"586","06:26","39"
"587","11:52","91"
"588","23:56","13"
"589","18:30","125"
"590","22:52","16"
"591","06:23","31"
"592","10:04","63"
"593","12:57","96"
"594","12:12","88"
"595","21:48","26"
"596","15:39","95"
"597","07:22","60"
"598","21:28","30"
"599","10:31","41"
"600","16:30","127"
"601","11:19","75"
"602","23:32","16"
"603","17:50","141"
"604","07:24","60"
"605","08:53","53"
"606","17:41","131"
"607","11:36","87"
"608","10:40","77"
"609","16:38","134"
"610","17:33","132"
"611","15:24","115"
"612","07:07","37"
"613","17:05","130"
"614","07:49","95"
"615","11:16","82"
"616","14:14","94"
"617","11:04","61"
"618","15:08","116"
"619","19:01","105"
"620","11:26","83"
"621","15:42","101"
"622","20:22","45"
"623","20:27","43"
"624","13:01","93"
"625","12:36","80"
"626","20:28","49"
"627","13:39","101"
"628","10:33","69"
"629","13:00","101"
"630","22:25","17"
"631","01:10","5"
"632","21:16","36"
"633","13:26","95"
"634","19:08","100"
"635","15:13","87"
"636","23:22","15"
"637","14:33","101"
"638","18:13","145"
"639","19:37","69"
"640","16:31","141"
"641","08:00","51"
"642","21:13","27"
"643","23:06","11"
"644","18:15","125"
"645","12:50","107"
"646","14:57","98"
"647","15:54","116"
"648","15:26","103"
"649","12:16","84"
"650","00:12","16"
"651","07:02","43"
"652","10:42","65"
"653","18:41","114"
"654","20:53","29"
"655","07:14","58"
"656","13:08","90"
"657","14:49","113"
"658","10:12","57"
"659","20:54","49"
"660","15:11","106"
"661","15:10","99"
"662","12:52","119"
"663","08:59","78"
"664","14:04","101"
"665","19:32","75"
"666","17:32","124"
"667","18:10","135"
"668","16:20","153"
"669","09:28","51"
"670","18:39","108"
"671","09:40","53"
"672","08:45","66"
"673","18:04","126"
"674","14:26","103"
"675","14:36","115"
"676","06:00","21"
"677","13:52","107"
"678","07:18","67"
"679","09:37","55"
"680","09:04","60"
"681","08:41","83"
"682","10:00","69"
"683","08:36","67"
"684","08:34","73"
"685","13:04","90"
"686","10:27","62"
"687","09:58","57"
"688","17:25","143"
"689","09:16","61"
"690","07:56","57"
"691","06:43","56"
"692","11:12","67"
"693","00:02","15"
"694","08:38","74"
"695","13:19","96"
"696","08:28","68"
"697","11:45","85"
"698","05:46","19"
"699","20:03","64"
"700","03:04","1"
"701","20:38","47"
"702","12:30","97"
"703","06:31","49"
"704","06:56","35"
"705","09:38","51"
"706","17:56","133"
"707","18:06","140"
"708","20:39","37"
"709","09:51","70"
"710","09:06","74"
"711","09:52","54"
"712","18:59","96"
"713","18:51","113"
"714","08:14","74"
"715","11:31","81"
"716","09:20","58"
"717","06:15","30"
"718","09:09","57"
"719","09:10","68"
"720","08:40","78"
"721","10:08","39"
"722","11:41","86"
"723","09:29","51"
"724","08:55","57"
"725","15:47","100"
"726","21:57","19"
"727","16:26","130"
"728","12:26","99"
"729","07:55","70"
"730","14:38","91"
"731","14:17","113"
"732","08:02","75"
"733","10:26","62"
"734","08:22","76"
"735","21:09","34"
"736","09:42","64"
"737","23:00","16"
"738","22:57","16"
"739","14:07","117"
"740","12:17","86"
"741","18:23","150"
"742","16:34","135"
"743","20:47","47"
"744","11:25","79"
"745","10:30","52"
"746","20:24","60"
"747","18:22","111"
"748","05:01","7"
"749","04:30","6"
"750","08:09","74"
"751","06:03","23"
"752","12:09","100"
"753","21:01","50"
"754","07:47","77"
"755","05:16","11"
"756","06:21","29"
"757","03:30","3"
"758","06:49","50"
"759","15:34","105"
"760","16:13","146"
"761","18:52","109"
"762","13:45","109"
"763","22:49","19"
"764","10:48","65"
"765","05:45","31"
"766","20:31","49"
"767","14:06","97"
"768","19:22","83"
"769","19:19","98"
"770","06:01","15"
"771","11:40","101"
"772","09:41","50"
"773","21:46","22"
"774","12:54","96"
"775","14:19","100"
"776","13:15","98"
"777","19:50","69"
"778","06:09","18"
"779","12:25","101"
"780","07:00","49"
"781","15:57","108"
"782","11:29","53"
"783","06:35","54"
"784","01:57","4"
"785","13:35","91"
"786","19:57","84"
"787","09:54","65"
"788","20:49","36"
"789","15:03","92"
"790","19:15","91"
"791","13:16","115"
"792","04:41","6"
"793","14:08","83"
"794","19:02","94"
"795","19:14","83"
"796","20:02","56"
"797","14:18","81"
"798","22:07","30"
"799","22:48","21"
"800","05:54","27"
"801","07:06","43"
"802","19:35","74"
"803","22:45","16"
"804","09:36","53"
"805","17:30","160"
"806","06:33","49"
"807","08:05","45"
"808","08:47","68"
"809","13:33","110"
"810","21:53","22"
"811","22:04","38"
"812","07:08","61"
"813","10:39","62"
"814","10:38","64"
"815","09:11","48"
"816","19:46","85"
"817","06:25","22"
"818","19:52","73"
"819","12:42","106"
"820","12:23","104"
"821","13:30","81"
"822","10:29","52"
"823","14:15","88"
"824","23:45","15"
"825","16:05","128"
"826","07:58","63"
"827","06:17","30"
"828","15:55","105"
"829","19:12","86"
"830","11:30","76"
"831","08:49","67"
"832","08:01","65"
"833","18:27","107"
"834","11:35","86"
"835","11:44","77"
"836","22:37","19"
"837","08:17","61"
"838","20:59","36"
"839","13:25","90"
"840","16:54","133"
"841","10:06","72"
"842","19:55","65"
"843","10:03","55"
"844","07:36","64"
"845","19:38","76"
"846","16:49","137"
"847","14:32","86"
"848","09:22","52"
"849","03:18","4"
"850","10:45","65"
"851","19:29","87"
"852","23:25","19"
"853","16:59","116"
"854","16:19","125"
"855","03:55","2"
"856","10:58","56"
"857","07:42","77"
"858","20:26","40"
"859","11:58","97"
"860","20:48","40"
"861","09:07","55"
"862","00:41","6"
"863","23:48","12"
"864","05:53","27"
"865","08:19","83"
"866","10:22","58"
"867","12:21","88"
"868","07:44","69"
"869","08:13","68"
"870","23:12","17"
"871","20:08","64"
"872","15:56","105"
"873","10:55","70"
"874","06:38","45"
"875","12:01","93"
"876","07:45","75"
"877","15:14","93"
"878","08:50","69"
"879","19:16","76"
"880","07:23","48"
"881","21:17","26"
"882","07:26","53"
"883","20:14","47"
"884","07:30","60"
"885","12:08","91"
"886","13:40","106"
"887","09:12","59"
"888","05:55","29"
"889","00:22","8"
"890","08:11","74"
"891","02:01","3"
"892","10:43","63"
"893","18:28","132"
"894","00:25","9"
"895","23:37","11"
"896","19:33","83"
"897","22:33","14"
"898","21:50","31"
"899","07:05","45"
"900","19:25","71"
"901","22:09","32"
"902","12:00","96"
"903","05:30","9"
"904","21:39","22"
"905","13:24","98"
"906","23:36","18"
"907","21:06","27"
"908","22:21","25"
"909","06:48","44"
"910","09:43","51"
"911","13:47","93"
"912","09:26","58"
"913","21:03","47"
"914","09:33","62"
"915","00:50","6"
"916","06:14","29"
"917","23:58","10"
"918","21:07","47"
"919","10:41","64"
"920","02:34","4"
"921","07:28","55"
"922","09:56","68"
"923","08:42","72"
"924","05:56","23"
"925","08:48","82"
"926","23:23","12"
"927","09:55","64"
"928","07:33","67"
"929","08:24","72"
"930","05:47","23"
"931","20:35","31"
"932","11:09","79"
"933","08:10","77"
"934","16:32","118"
"935","20:57","36"
"936","17:42","139"
"937","21:36","25"
"938","02:54","4"
"939","22:02","33"
"940","06:47","59"
"941","06:50","49"
"942","07:01","31"
"943","04:27","2"
"944","22:59","14"
"945","20:15","58"
"946","21:31","30"
"947","20:20","56"
"948","19:27","73"
"949","22:22","20"
"950","21:05","22"
"951","07:52","69"
"952","01:15","4"
"953","11:11","72"
"954","07:31","61"
"955","06:36","46"
"956","21:38","23"
"957","15:50","107"
"958","19:48","71"
"959","05:35","17"
"960","20:29","53"
"961","13:29","94"
"962","00:26","9"
"963","20:44","37"
"964","23:02","20"
"965","06:13","42"
"966","22:50","24"
"967","22:12","27"
"968","21:14","30"
"969","22:00","34"
"970","22:14","25"
"971","10:11","57"
"972","04:08","5"
"973","10:56","63"
"974","22:44","8"
"975","00:42","14"
"976","09:35","57"
"977","08:26","55"
"978","17:44","136"
"979","20:12","50"
"980","20:50","40"
"981","21:27","23"
"982","23:13","15"
"983","20:04","56"
"984","06:08","22"
"985","22:06","29"
"986","22:38","22"
"987","00:11","15"
"988","04:31","3"
"989","20:16","38"
"990","22:30","26"
"991","22:03","23"
"992","22:16","27"
"993","09:27","49"
"994","05:19","12"
"995","06:22","25"
"996","19:13","96"
"997","22:15","18"
"998","23:05","24"
"999","21:55","31"
"1000","02:37","2"
"1001","22:34","21"
"1002","21:10","35"
"1003","21:41","19"
"1004","06:53","51"
"1005","21:40","24"
"1006","21:33","31"
"1007","23:52","19"
"1008","07:21","61"
"1009","21:22","30"
"1010","09:34","50"
"1011","06:44","48"
"1012","08:08","69"
"1013","23:11","18"
"1014","00:20","11"
"1015","00:31","11"
"1016","00:58","8"
"1017","18:37","115"
"1018","21:51","21"
"1019","21:59","20"
"1020","11:46","92"
"1021","00:18","9"
"1022","04:06","3"
"1023","22:08","25"
"1024","21:30","18"
"1025","20:51","36"
"1026","21:29","31"
"1027","20:10","58"
"1028","08:43","65"
"1029","22:17","22"
"1030","06:19","32"
"1031","02:57","2"
"1032","23:14","20"
"1033","09:25","60"
"1034","06:37","45"
"1035","13:43","90"
"1036","23:10","21"
"1037","03:17","3"
"1038","01:14","8"
"1039","06:57","54"
"1040","20:45","32"
"1041","01:02","11"
"1042","23:54","9"
"1043","20:34","46"
"1044","23:39","19"
"1045","07:13","55"
"1046","22:19","25"
"1047","04:04","3"
"1048","00:03","13"
"1049","05:41","20"
"1050","06:28","35"
"1051","01:21","4"
"1052","01:13","4"
"1053","05:25","7"
"1054","21:49","29"
"1055","19:30","74"
"1056","05:58","17"
"1057","02:14","3"
"1058","22:54","19"
"1059","20:40","33"
"1060","01:31","7"
"1061","23:16","16"
"1062","20:42","35"
"1063","00:45","7"
"1064","02:31","4"
"1065","05:27","8"
"1066","07:16","60"
"1067","06:05","13"
"1068","23:19","8"
"1069","05:21","8"
"1070","22:46","16"
"1071","00:23","9"
"1072","21:23","32"
"1073","11:01","69"
"1074","20:36","34"
"1075","05:36","23"
"1076","23:31","15"
"1077","23:33","8"
"1078","01:26","4"
"1079","23:07","18"
"1080","01:03","7"
"1081","03:32","6"
"1082","21:52","27"
"1083","21:20","29"
"1084","04:09","4"
"1085","04:00","3"
"1086","22:23","17"
"1087","05:33","11"
"1088","22:41","17"
"1089","01:04","6"
"1090","06:29","37"
"1091","05:50","20"
"1092","22:58","13"
"1093","05:08","5"
"1094","06:42","49"
"1095","00:35","6"
"1096","04:57","3"
"1097","01:34","9"
"1098","03:52","1"
"1099","05:39","16"
"1100","02:16","2"
"1101","00:01","11"
"1102","02:20","3"
"1103","00:13","10"
"1104","22:11","24"
"1105","05:09","6"
"1106","21:58","27"
"1107","20:21","52"
"1108","23:01","19"
"1109","22:18","18"
"1110","03:57","4"
"1111","23:51","17"
"1112","23:21","19"
"1113","06:52","47"
"1114","05:20","12"
"1115","00:33","6"
"1116","22:36","29"
"1117","19:56","55"
"1118","23:49","5"
"1119","08:04","70"
"1120","21:32","27"
"1121","23:08","20"
"1122","21:34","22"
"1123","22:56","13"
"1124","01:49","3"
"1125","23:34","18"
"1126","05:48","20"
"1127","22:20","36"
"1128","22:53","16"
"1129","06:32","39"
"1130","22:39","21"
"1131","08:52","65"
"1132","00:09","12"
"1133","08:15","69"
"1134","04:32","6"
"1135","04:33","7"
"1136","23:30","8"
"1137","05:52","17"
"1138","00:54","6"
"1139","04:36","2"
"1140","03:33","1"
"1141","04:59","6"
"1142","23:15","15"
"1143","00:16","10"
"1144","04:34","3"
"1145","01:56","2"
"1146","22:24","20"
"1147","01:39","4"
"1148","21:25","36"
"1149","05:43","20"
"1150","04:07","1"
"1151","22:01","24"
"1152","00:06","15"
"1153","05:40","15"
"1154","06:27","37"
"1155","05:51","16"
"1156","21:26","30"
"1157","02:39","6"
"1158","00:29","5"
"1159","03:53","1"
"1160","23:03","22"
"1161","02:22","3"
"1162","04:22","3"
"1163","23:26","19"
"1164","01:44","2"
"1165","21:44","26"
"1166","21:42","27"
"1167","23:40","9"
"1168","21:08","34"
"1169","02:29","3"
"1170","23:35","14"
"1171","01:06","9"
"1172","05:32","15"
"1173","05:59","24"
"1174","23:04","17"
"1175","00:27","6"
"1176","00:46","7"
"1177","01:53","6"
"1178","21:47","19"
"1179","03:06","3"
"1180","05:26","12"
"1181","01:54","3"
"1182","00:19","9"
"1183","21:37","20"
"1184","23:44","10"
"1185","04:03","2"
"1186","02:15","3"
"1187","23:38","8"
"1188","22:27","23"
"1189","03:43","1"
"1190","02:30","5"
"1191","00:37","7"
"1192","00:30","3"
"1193","21:35","30"
"1194","00:53","7"
"1195","01:25","5"
"1196","03:21","2"
"1197","23:24","17"
"1198","23:09","16"
"1199","01:11","3"
"1200","05:10","9"
"1201","02:02","4"
"1202","01:43","2"
"1203","00:47","5"
"1204","04:50","7"
"1205","22:35","17"
"1206","01:00","9"
"1207","21:21","30"
"1208","05:03","4"
"1209","00:51","8"
"1210","06:06","24"
"1211","01:27","9"
"1212","04:42","9"
"1213","22:47","13"
"1214","07:03","51"
"1215","23:41","12"
"1216","02:32","3"
"1217","23:20","17"
"1218","01:35","5"
"1219","03:25","3"
"1220","22:28","14"
"1221","23:50","9"
"1222","23:28","14"
"1223","02:08","2"
"1224","22:55","12"
"1225","03:10","3"
"1226","03:14","2"
"1227","22:29","20"
"1228","05:37","17"
"1229","02:26","4"
"1230","03:26","2"
"1231","00:07","14"
"1232","03:08","3"
"1233","00:36","4"
"1234","05:42","14"
"1235","01:22","8"
"1236","00:44","10"
"1237","00:17","11"
"1238","01:36","9"
"1239","23:55","10"
"1240","01:18","6"
"1241","22:05","26"
"1242","01:30","6"
"1243","00:43","6"
"1244","02:10","5"
"1245","05:31","14"
"1246","03:42","5"
"1247","03:13","1"
"1248","21:45","17"
"1249","01:16","4"
"1250","23:47","13"
"1251","05:15","7"
"1252","01:28","3"
"1253","03:45","2"
"1254","04:24","2"
"1255","04:45","1"
"1256","22:43","20"
"1257","00:57","6"
"1258","03:28","2"
"1259","00:15","7"
"1260","04:17","3"
"1261","05:49","17"
"1262","00:28","9"
"1263","05:06","3"
"1264","23:43","16"
"1265","01:37","3"
"1266","03:48","2"
"1267","01:50","5"
"1268","01:23","6"
"1269","00:21","7"
"1270","02:47","2"
"1271","02:50","2"
"1272","23:53","7"
"1273","06:02","20"
"1274","01:52","5"
"1275","02:58","4"
"1276","02:48","2"
"1277","05:04","4"
"1278","01:41","3"
"1279","02:46","4"
"1280","03:02","6"
"1281","02:40","2"
"1282","05:22","7"
"1283","00:59","8"
"1284","01:07","5"
"1285","00:32","9"
"1286","04:37","5"
"1287","02:00","5"
"1288","00:08","8"
"1289","02:24","3"
"1290","03:27","2"
"1291","01:40","3"
"1292","23:46","9"
"1293","23:17","8"
"1294","00:56","6"
"1295","02:04","5"
"1296","01:51","5"
"1297","04:47","5"
"1298","00:04","9"
"1299","00:24","6"
"1300","05:00","3"
"1301","02:09","3"
"1302","00:00","4"
"1303","01:05","6"
"1304","04:35","1"
"1305","05:24","9"
"1306","03:54","5"
"1307","01:42","4"
"1308","23:42","11"
"1309","02:49","2"
"1310","03:37","2"
"1311","00:52","8"
"1312","00:49","3"
"1313","23:59","5"
"1314","03:59","2"
"1315","23:29","10"
"1316","03:38","2"
"1317","03:41","1"
"1318","01:19","10"
"1319","03:50","2"
"1320","05:28","4"
"1321","05:18","3"
"1322","03:58","4"
"1323","01:09","6"
"1324","00:40","8"
"1325","02:28","2"
"1326","00:48","10"
"1327","02:35","3"
"1328","00:55","4"
"1329","01:38","6"
"1330","01:47","2"
"1331","04:49","3"
"1332","04:19","3"
"1333","02:38","2"
"1334","01:48","4"
"1335","04:39","3"
"1336","01:01","6"
"1337","04:58","3"
"1338","00:34","3"
"1339","01:45","4"
"1340","01:59","2"
"1341","04:14","2"
"1342","04:52","4"
"1343","03:31","1"
"1344","03:09","3"
"1345","03:07","3"
"1346","03:16","1"
"1347","02:06","2"
"1348","05:11","6"
"1349","04:20","5"
"1350","04:23","1"
"1351","02:17","1"
"1352","03:24","1"
"1353","01:12","4"
"1354","02:43","2"
"1355","03:46","1"
"1356","05:14","2"
"1357","05:07","9"
"1358","04:44","2"
"1359","00:39","5"
"1360","04:26","2"
"1361","01:32","4"
"1362","05:05","4"
"1363","02:03","2"
"1364","03:49","2"
"1365","03:05","3"
"1366","02:59","2"
"1367","04:55","5"
"1368","03:39","2"
"1369","05:12","5"
"1370","03:00","2"
"1371","01:33","2"
"1372","04:11","2"
"1373","04:18","1"
"1374","04:46","3"
"1375","01:55","2"
"1376","03:23","2"
"1377","02:56","2"
"1378","04:40","3"
"1379","02:05","2"
"1380","02:23","3"
"1381","02:36","1"
"1382","01:17","4"
"1383","04:56","3"
"1384","04:48","2"
"1385","01:20","3"
"1386","01:24","6"
"1387","04:53","3"
"1388","04:16","2"
"1389","02:18","1"
"1390","01:46","3"
"1391","02:27","2"
"1392","04:51","3"
"1393","04:38","3"
"1394","04:43","1"
"1395","02:19","1"
"1396","00:05","6"
"1397","03:36","2"
"1398","03:34","2"
"1399","04:54","2"
"1400","01:29","3"
"1401","05:02","3"
"1402","04:28","1"
"1403","03:15","1"
"1404","03:22","1"
"1405","02:42","2"
"1406","01:08","3"
"1407","02:52","1"
"1408","02:33","1"
"1409","03:40","1"
"1410","02:12","1"
"1411","04:21","2"
"1412","02:25","1"
"1413","02:45","1"
"1414","02:13","1"
"1415","03:03","1"
"1416","03:44","2"
"1417","02:11","1"
"1418","02:44","1"
"1419","04:25","1"
"1420","03:01","1"
"1421","02:53","1"
"1422","02:51","1"
